ts	phase	decision	why	evidence	result
2026-09-14T13:00:00Z	frame	treat the pasted Shed findings and assessment as one release program	the requested end state spans contract safety, lifecycle, wallet behavior, submission policy, and proof	IMPLEMENTATION_PLAN.md	five independently verifiable stages
2026-09-14T13:01:00Z	frame	start with replay and price isolation	two executable counterexamples disprove the core value-safety guarantee	docs/review/run-counterexamples.sh	contract stage in progress
2026-09-14T14:10:00Z	contract	use durable state keyed by offerId	it preserves the current shared-appData bundle and directly models single-use plus future cancellation	54 local tests and 5 mainnet-fork tests pass	changed-appData replay and independent-price settlement now revert
2026-09-14T16:20:00Z	lifecycle	give every relay its own scratch directory	`relay` never wrote its input, so creating offer B made offer A's acceptance relay B's computation	docs/review/service-counterexamples.mjs relaying A with B on disk	per-attempt LINK_COMPUTED_FILE/LINK_SIGNATURES_FILE; paths overridable in every script
2026-09-14T16:35:00Z	lifecycle	require order, receipt and consumed state for "settled"	a balance decrease reported settlement for an unrelated withdrawal	docs/review/service-counterexamples.mjs	status has no balance read; settled needs all three pieces of evidence
2026-09-14T16:50:00Z	lifecycle	cancel through the owning Shed, not a wrapper-only flag	revoking the ComposableCoW authorization and the offer must be one transaction or neither		test_makerCancellationAtomicallyRevokesOrderAndOffer: order removed, offer Cancelled, settle reverts
2026-09-14T17:05:00Z	lifecycle	build the lifecycle harness before claiming the stage green	contract-level tests cannot see interleaving, restart or retry behaviour	docs/review/service-lifecycle.mjs	9 checks over real HTTP against fake forge/cast and a fixture orderbook
2026-09-14T17:20:00Z	lifecycle	every cast/forge file input gets a private temp file	all typed-data checks shared out-json/verify.json; two service instances over one store verified each other's messages	restoring the shared path fails the two-instance lifecycle check	`withScratch`; no fixed scratch path left in the service
2026-09-14T17:30:00Z	lifecycle	refuse a second in-flight acceptance in the same process	the await on the order round trip let a second request relay and post again	concurrent-acceptance lifecycle check failed 202/202, now 202/409 with one order post	`accepting` set; a store-level lock is still open for multi-instance deployment
